Payer_id,Name,CAC_Date,contact_number,address,registration_date,Bank_code,Bank_name,insurance_number,email
P001,David Williams Inc,04/06/1955,6939585183,789 Pine Rd,23/06/2022,10,Bank1o,TIN000111,david.williams@mail.com
P002,Emily Smith Inc,12/10/1984,8228188767,321 Maple Dr,15/01/2022,14,Bank14,TIN000112,emily.smith@mail.com
P003,Laura Jones Inc,21/08/1977,8397029847,321 Maple Dr,07/02/2022,14,Bank14,TIN000113,laura.jones@mail.com
P004,Michael Johnson Inc,20/02/1981,9019443432,123 Elm St,02/03/2021,10,Bank10,TIN000114,michael.johnson@mail.com
P005,David Wilson Inc,23/06/1960,7734463155,123 Elm St,29/09/2021,12,Bank12,TIN000115,david.wilson@mail.com
P006,Linda Jones Inc,16/06/1963,7561777264,321 Maple Dr,02/10/2022,10,Bank10,TIN000116,linda.jones@mail.com
P007,Alex Johnson Inc,08/06/1989,6278710077,789 Pine Rd,25/12/2021,12,Bank12,TIN000117,alex.johnson@mail.com
P008,David Davis Inc,05/07/1976,7090558393,456 Oak Ave,25/05/2021,16,Bank16,TIN000118,david.davis@mail.com
P009,Laura Davis Inc,11/12/1971,7060324619,321 Maple Dr,18/09/2022,14,Bank14,TIN000119,laura.davis@mail.com
P010,Michael Taylor Inc,13/10/2001,7081396733,123 Elm St,24/08/2022,16,Bank16,TIN000120,michael.taylor@mail.com
P011,Emily Jones Inc,04/12/1966,8990604070,789 Pine Rd,27/09/2022,12,Bank12,TIN000121,emily.jones@mail.com
P012,Laura Davis Inc,08/12/1991,8135666049,321 Maple Dr,27/04/2023,12,Bank12,TIN000122,laura.davis@mail.com
P013,Laura Johnson Inc,28/03/1990,9059178882,321 Maple Dr,23/12/2021,16,Bank16,TIN000123,laura.johnson@mail.com
P014,Alex Taylor Inc,27/02/1968,7292262512,789 Pine Rd,12/12/2023,12,Bank12,TIN000124,alex.taylor@mail.com
P015,Sarah Johnson Inc,11/05/1964,6636028516,321 Maple Dr,25/09/2021,16,Bank16,TIN000125,sarah.johnson@mail.com
P016,Michael Taylor Inc,22/07/2000,7223380592,789 Pine Rd,23/07/2021,14,Bank14,TIN000126,michael.taylor@mail.com
P017,Jane Jones Inc,01/05/1991,6158428240,456 Oak Ave,26/09/2022,16,Bank16,TIN000127,jane.jones@mail.com
P018,Laura Wilson Inc,24/09/1979,7145815738,789 Pine Rd,23/09/2022,14,Bank14,TIN000128,laura.wilson@mail.com
P019,Sarah Miller Ltd,24/05/1975,8618058864,789 Pine Rd,24/06/2023,16,Bank16,TIN000129,sarah.miller@mail.com
P020,Jane Moore Ltd,06/06/2003,8158989953,789 Pine Rd,03/04/2022,12,Bank12,TIN000130,jane.moore@mail.com
P021,Michael Wilson Ltd,01/03/2002,7765390555,321 Maple Dr,19/01/2022,16,Bank16,TIN000131,michael.wilson@mail.com
P022,John Brown Ltd,10/05/1955,6221099573,321 Maple Dr,11/05/2021,12,Bank12,TIN000132,john.brown@mail.com
P023,Linda Johnson Ltd,22/02/1994,6141951830,789 Pine Rd,27/12/2021,16,Bank16,TIN000133,linda.johnson@mail.com
P024,Sarah Brown Ltd,04/11/1991,7196777444,321 Maple Dr,02/09/2021,16,Bank16,TIN000134,sarah.brown@mail.com
P025,Robert Wilson Ltd,14/08/1966,7482069727,123 Elm St,09/09/2021,10,Bank10,TIN000135,robert.wilson@mail.com
P026,John Taylor Ltd,28/11/2003,9900972256,123 Elm St,13/05/2021,12,Bank12,TIN000136,john.taylor@mail.com
P027,Linda Moore Ltd,29/06/1998,8724518272,321 Maple Dr,15/08/2021,10,Bank10,TIN000137,linda.moore@mail.com
P028,Alex Moore Ltd,13/04/1993,7028910482,321 Maple Dr,20/05/2023,12,Bank12,TIN000138,alex.moore@mail.com
P029,David Smith Ltd,15/05/2005,8923607677,789 Pine Rd,19/04/2023,10,Bank10,TIN000139,david.smith@mail.com
P030,Emily Moore Ltd,23/12/1964,6622318721,456 Oak Ave,07/08/2021,14,Bank14,TIN000140,emily.moore@mail.com
P031,Robert Miller Ltd,14/01/1987,8280346676,321 Maple Dr,28/06/2022,16,Bank16,TIN000141,robert.miller@mail.com
P032,Alex Moore Ltd,08/01/1981,8102183595,123 Elm St,02/10/2021,12,Bank12,TIN000142,alex.moore@mail.com
P033,Michael Wilson Ltd,06/02/1970,7923214041,789 Pine Rd,06/09/2023,12,Bank12,TIN000143,michael.wilson@mail.com
P034,Alex Smith Ltd,26/01/1950,8374657733,321 Maple Dr,18/06/2023,16,Bank16,TIN000144,alex.smith@mail.com
P035,David Wilson Ltd,13/04/1993,7039619487,123 Elm St,09/07/2023,12,Bank12,TIN000145,david.wilson@mail.com
P036,Michael Wilson Ltd,26/12/1997,8545613046,123 Elm St,04/10/2022,12,Bank12,TIN000146,michael.wilson@mail.com
P037,Robert Williams Ltd,05/02/1999,8886800195,456 Oak Ave,30/09/2021,10,Bank10,TIN000147,robert.williams@mail.com
P038,David Smith Ltd,25/06/1991,6347262390,789 Pine Rd,19/04/2021,12,Bank12,TIN000148,david.smith@mail.com
P039,Jane Wilson Ltd,12/12/1950,9271131338,789 Pine Rd,09/03/2021,14,Bank14,TIN000149,jane.wilson@mail.com
P040,Emily Williams Ltd,30/05/1972,7587653815,456 Oak Ave,16/10/2021,14,Bank14,TIN000150,emily.williams@mail.com
P041,Robert Williams Ltd,19/06/1951,7020645498,456 Oak Ave,16/07/2022,16,Bank16,TIN000151,robert.williams@mail.com
P042,Jane Smith Ltd,22/08/1954,7040069008,789 Pine Rd,15/03/2022,12,Bank12,TIN000152,jane.smith@mail.com
P043,Linda Brown Ltd,25/03/1980,9127665406,789 Pine Rd,18/07/2022,16,Bank16,TIN000153,linda.brown@mail.com
P044,Robert Taylor Ltd,11/03/1976,9449458981,321 Maple Dr,26/01/2023,14,Bank14,TIN000154,robert.taylor@mail.com
P045,Linda Miller Ltd,25/04/1966,7579616535,321 Maple Dr,23/01/2021,12,Bank12,TIN000155,linda.miller@mail.com
P046,Michael Taylor Ltd,01/09/1986,8019925828,456 Oak Ave,31/07/2021,12,Bank12,TIN000156,michael.taylor@mail.com
P047,Jane Moore Ltd,13/12/1995,8715732851,321 Maple Dr,20/05/2022,16,Bank16,TIN000157,jane.moore@mail.com
P048,Emily Miller Ltd,24/03/1983,8720989381,123 Elm St,19/06/2023,14,Bank14,TIN000158,emily.miller@mail.com
P049,David Moore Ltd,26/11/1972,7712937941,321 Maple Dr,14/06/2023,12,Bank12,TIN000159,david.moore@mail.com
P050,Laura Wilson Ltd,27/12/1993,8301134730,321 Maple Dr,28/04/2023,16,Bank16,TIN000160,laura.wilson@mail.com
P051,Name1 surn1 Ltd,20/04/1979,8889331519,Address 1,27/07/2021,12,Bank12,TIN000161,email1@mail.com
P052,Name2 surn2 Ltd,19/08/1982,9477528308,Address 2,01/11/2023,16,Bank16,TIN000162,email2@mail.com
P053,Name3 surn3 Ltd,12/01/1983,10065725097,Address 3,03/12/2023,12,Bank12,TIN000163,email1@mail.com
P054,Name4 surn4 Ltd,25/02/1989,10653921886,Address 4,04/03/2021,12,Bank12,TIN000164,email2@mail.com
P055,Name5 surn5 Ltd,13/12/1991,11242118675,Address 5,18/02/2021,10,Bank10,TIN000165,email1@mail.com
P056,Name6 surn6 Ltd,20/05/1998,11830315464,Address 6,10/03/2023,12,Bank12,TIN000166,email2@mail.com
P057,Name7 surn7 Ltd,25/08/1986,12418512253,Address 7,13/02/2022,14,Bank14,TIN000167,email1@mail.com
P058,Name8 surn8 Ltd,06/02/1995,13006709042,Address 8,19/01/2022,14,Bank14,TIN000168,email2@mail.com
P059,Name9 surn9 Ltd,04/09/1990,13594905831,Address 9,17/02/2021,16,Bank16,TIN000169,email1@mail.com
P060,Name10 surn10 Ltd,12/11/1975,14183102620,Address 10,10/12/2021,12,Bank12,TIN000170,email2@mail.com
P061,Name11 surn11 Ltd,06/07/1987,14771299409,Address 11,27/12/2022,16,Bank16,TIN000171,email1@mail.com
P062,Name12 surn12 Ltd,08/04/1978,15359496198,Address 12,28/07/2023,14,Bank14,TIN000172,email2@mail.com
P063,Name13 surn13 Ltd,05/12/1987,15947692987,Address 13,14/10/2022,12,Bank12,TIN000173,email1@mail.com
P064,Name14 surn14 Ltd,01/12/1987,16535889776,Address 14,23/03/2023,12,Bank12,TIN000174,email2@mail.com
P065,Name15 surn15 Ltd,21/11/1982,17124086565,Address 15,15/04/2021,16,Bank16,TIN000175,email1@mail.com
P066,Name16 surn16 Ltd,27/02/1983,17712283354,Address 16,03/03/2021,14,Bank14,TIN000176,email2@mail.com
P067,Name17 surn17 Ltd,04/01/1975,18300480143,Address 17,13/11/2022,12,Bank12,TIN000177,email1@mail.com
P068,Name18 surn18 Ltd,23/05/1988,18888676932,Address 18,05/04/2022,16,Bank16,TIN000178,email2@mail.com
P069,Name19 surn19 Ltd,12/11/1997,19476873721,Address 19,23/06/2021,12,Bank12,TIN000179,email1@mail.com
P070,Name20 surn20 Ltd,03/03/1995,20065070510,Address 20,28/07/2022,16,Bank16,TIN000180,email2@mail.com
